{"initial_reset_timestamp": 1579468027.061686, "timestamps": [1579468032.3906665], "episode_lengths": [200], "episode_rewards": [200.0], "episode_types": ["t"]}